id,company_name,company_type,hq_city,hq_province,regions_served,primary_services,client_types,evidence_links,summary,fit_rationale,drone_lidar_fit_signals,contacts,public_email,public_phone,contact_form_url,outreach_angle,fit_score,confidence_score,pipeline_stage,notes,last_verified_date
sc3d-sotheby-s-international-realty-canada,Sotheby's International Realty Canada,Real Estate Brokerage,Toronto,Ontario,Ontario,Luxury listing marketing; Property walkthroughs; Remote buyer previews; Website and MLS media,Brokerages; Listing agents; Property sellers,https://sothebysrealty.ca/,"Real Estate Brokerage account target where photorealistic 3D spaces could support luxury listing marketing, property walkthroughs, remote buyer previews.","SC3D fit is based on a visible, valuable or complex space that can benefit from hosted Gaussian-splat digital twins, remote walkthroughs, web embeds, annotations, measurement and repeat capture. Public category signals include high-value spaces, remote buyer previews, embeddable walkthroughs.",High-value spaces; Remote buyer previews; Embeddable walkthroughs,NOT CONFIRMED | NOT CONFIRMED | Website/contact form | https://sothebysrealty.ca/,NOT CONFIRMED,NOT CONFIRMED,NOT CONFIRMED,Offer photorealistic 3D walkthroughs that let buyers experience premium listings online before booking showings.,88,70,New,"Initial SplatCap3D lead database. Qualification is based on spatial/digital-twin fit, not drone survey fit. Verify contacts before outreach.",2026-07-21
sc3d-chestnut-park-real-estate,Chestnut Park Real Estate,Real Estate Brokerage,Toronto,Ontario,Ontario,Luxury listing marketing; Property walkthroughs; Remote buyer previews; Website and MLS media,Brokerages; Listing agents; Property sellers,https://www.chestnutpark.com/,"Real Estate Brokerage account target where photorealistic 3D spaces could support luxury listing marketing, property walkthroughs, remote buyer previews.","SC3D fit is based on a visible, valuable or complex space that can benefit from hosted Gaussian-splat digital twins, remote walkthroughs, web embeds, annotations, measurement and repeat capture. Public category signals include high-value spaces, remote buyer previews, embeddable walkthroughs.",High-value spaces; Remote buyer previews; Embeddable walkthroughs,NOT CONFIRMED | NOT CONFIRMED | Website/contact form | https://www.chestnutpark.com/,NOT CONFIRMED,NOT CONFIRMED,NOT CONFIRMED,Offer photorealistic 3D walkthroughs that let buyers experience premium listings online before booking showings.,88,70,New,"Initial SplatCap3D lead database. Qualification is based on spatial/digital-twin fit, not drone survey fit. Verify contacts before outreach.",2026-07-21
sc3d-harvey-kalles-real-estate,Harvey Kalles Real Estate,Real Estate Brokerage,Toronto,Ontario,Ontario,Luxury listing marketing; Property walkthroughs; Remote buyer previews; Website and MLS media,Brokerages; Listing agents; Property sellers,https://harveykalles.com/,"Real Estate Brokerage account target where photorealistic 3D spaces could support luxury listing marketing, property walkthroughs, remote buyer previews.","SC3D fit is based on a visible, valuable or complex space that can benefit from hosted Gaussian-splat digital twins, remote walkthroughs, web embeds, annotations, measurement and repeat capture. Public category signals include high-value spaces, remote buyer previews, embeddable walkthroughs.",High-value spaces; Remote buyer previews; Embeddable walkthroughs,NOT CONFIRMED | NOT CONFIRMED | Website/contact form | https://harveykalles.com/,NOT CONFIRMED,NOT CONFIRMED,NOT CONFIRMED,Offer photorealistic 3D walkthroughs that let buyers experience premium listings online before booking showings.,88,70,New,"Initial SplatCap3D lead database. Qualification is based on spatial/digital-twin fit, not drone survey fit. Verify contacts before outreach.",2026-07-21
sc3d-forest-hill-real-estate,Forest Hill Real Estate,Real Estate Brokerage,Toronto,Ontario,Ontario,Luxury listing marketing; Property walkthroughs; Remote buyer previews; Website and MLS media,Brokerages; Listing agents; Property sellers,https://foresthill.com/,"Real Estate Brokerage account target where photorealistic 3D spaces could support luxury listing marketing, property walkthroughs, remote buyer previews.","SC3D fit is based on a visible, valuable or complex space that can benefit from hosted Gaussian-splat digital twins, remote walkthroughs, web embeds, annotations, measurement and repeat capture. Public category signals include high-value spaces, remote buyer previews, embeddable walkthroughs.",High-value spaces; Remote buyer previews; Embeddable walkthroughs,NOT CONFIRMED | NOT CONFIRMED | Website/contact form | https://foresthill.com/,NOT CONFIRMED,NOT CONFIRMED,NOT CONFIRMED,Offer photorealistic 3D walkthroughs that let buyers experience premium listings online before booking showings.,88,70,New,"Initial SplatCap3D lead database. Qualification is based on spatial/digital-twin fit, not drone survey fit. Verify contacts before outreach.",2026-07-21
sc3d-the-agency-toronto,The Agency Toronto,Real Estate Brokerage,Toronto,Ontario,Ontario,Luxury listing marketing; Property walkthroughs; Remote buyer previews; Website and MLS media,Brokerages; Listing agents; Property sellers,https://www.theagencyre.com/,"Real Estate Brokerage account target where photorealistic 3D spaces could support luxury listing marketing, property walkthroughs, remote buyer previews.","SC3D fit is based on a visible, valuable or complex space that can benefit from hosted Gaussian-splat digital twins, remote walkthroughs, web embeds, annotations, measurement and repeat capture. Public category signals include high-value spaces, remote buyer previews, embeddable walkthroughs.",High-value spaces; Remote buyer previews; Embeddable walkthroughs,NOT CONFIRMED | NOT CONFIRMED | Website/contact form | https://www.theagencyre.com/,NOT CONFIRMED,NOT CONFIRMED,NOT CONFIRMED,Offer photorealistic 3D walkthroughs that let buyers experience premium listings online before booking showings.,88,70,New,"Initial SplatCap3D lead database. Qualification is based on spatial/digital-twin fit, not drone survey fit. Verify contacts before outreach.",2026-07-21
sc3d-re-max-hallmark,RE/MAX Hallmark,Real Estate Brokerage,Toronto,Ontario,Ontario,Luxury listing marketing; Property walkthroughs; Remote buyer previews; Website and MLS media,Brokerages; Listing agents; Property sellers,https://www.remaxhallmark.com/,"Real Estate Brokerage account target where photorealistic 3D spaces could support luxury listing marketing, property walkthroughs, remote buyer previews.","SC3D fit is based on a visible, valuable or complex space that can benefit from hosted Gaussian-splat digital twins, remote walkthroughs, web embeds, annotations, measurement and repeat capture. Public category signals include high-value spaces, remote buyer previews, embeddable walkthroughs.",High-value spaces; Remote buyer previews; Embeddable walkthroughs,NOT CONFIRMED | NOT CONFIRMED | Website/contact form | https://www.remaxhallmark.com/,NOT CONFIRMED,NOT CONFIRMED,NOT CONFIRMED,Offer photorealistic 3D walkthroughs that let buyers experience premium listings online before booking showings.,88,70,New,"Initial SplatCap3D lead database. Qualification is based on spatial/digital-twin fit, not drone survey fit. Verify contacts before outreach.",2026-07-21
sc3d-royal-lepage-signature-realty,Royal LePage Signature Realty,Real Estate Brokerage,Toronto,Ontario,Ontario,Luxury listing marketing; Property walkthroughs; Remote buyer previews; Website and MLS media,Brokerages; Listing agents; Property sellers,https://royallepagesignature.com/,"Real Estate Brokerage account target where photorealistic 3D spaces could support luxury listing marketing, property walkthroughs, remote buyer previews.","SC3D fit is based on a visible, valuable or complex space that can benefit from hosted Gaussian-splat digital twins, remote walkthroughs, web embeds, annotations, measurement and repeat capture. Public category signals include high-value spaces, remote buyer previews, embeddable walkthroughs.",High-value spaces; Remote buyer previews; Embeddable walkthroughs,NOT CONFIRMED | NOT CONFIRMED | Website/contact form | https://royallepagesignature.com/,NOT CONFIRMED,NOT CONFIRMED,NOT CONFIRMED,Offer photorealistic 3D walkthroughs that let buyers experience premium listings online before booking showings.,88,70,New,"Initial SplatCap3D lead database. Qualification is based on spatial/digital-twin fit, not drone survey fit. Verify contacts before outreach.",2026-07-21
sc3d-right-at-home-realty,Right At Home Realty,Real Estate Brokerage,Toronto,Ontario,Ontario,Luxury listing marketing; Property walkthroughs; Remote buyer previews; Website and MLS media,Brokerages; Listing agents; Property sellers,https://www.rightathomerealty.com/,"Real Estate Brokerage account target where photorealistic 3D spaces could support luxury listing marketing, property walkthroughs, remote buyer previews.","SC3D fit is based on a visible, valuable or complex space that can benefit from hosted Gaussian-splat digital twins, remote walkthroughs, web embeds, annotations, measurement and repeat capture. Public category signals include high-value spaces, remote buyer previews, embeddable walkthroughs.",High-value spaces; Remote buyer previews; Embeddable walkthroughs,NOT CONFIRMED | NOT CONFIRMED | Website/contact form | https://www.rightathomerealty.com/,NOT CONFIRMED,NOT CONFIRMED,NOT CONFIRMED,Offer photorealistic 3D walkthroughs that let buyers experience premium listings online before booking showings.,88,70,New,"Initial SplatCap3D lead database. Qualification is based on spatial/digital-twin fit, not drone survey fit. Verify contacts before outreach.",2026-07-21
sc3d-engel-volkers-toronto,Engel & Volkers Toronto,Real Estate Brokerage,Toronto,Ontario,Ontario,Luxury listing marketing; Property walkthroughs; Remote buyer previews; Website and MLS media,Brokerages; Listing agents; Property sellers,https://toronto.evrealestate.com/,"Real Estate Brokerage account target where photorealistic 3D spaces could support luxury listing marketing, property walkthroughs, remote buyer previews.","SC3D fit is based on a visible, valuable or complex space that can benefit from hosted Gaussian-splat digital twins, remote walkthroughs, web embeds, annotations, measurement and repeat capture. Public category signals include high-value spaces, remote buyer previews, embeddable walkthroughs.",High-value spaces; Remote buyer previews; Embeddable walkthroughs,NOT CONFIRMED | NOT CONFIRMED | Website/contact form | https://toronto.evrealestate.com/,NOT CONFIRMED,NOT CONFIRMED,NOT CONFIRMED,Offer photorealistic 3D walkthroughs that let buyers experience premium listings online before booking showings.,88,70,New,"Initial SplatCap3D lead database. Qualification is based on spatial/digital-twin fit, not drone survey fit. Verify contacts before outreach.",2026-07-21
sc3d-berkshire-hathaway-homeservices-toronto-realty,Berkshire Hathaway HomeServices Toronto Realty,Real Estate Brokerage,Toronto,Ontario,Ontario,Luxury listing marketing; Property walkthroughs; Remote buyer previews; Website and MLS media,Brokerages; Listing agents; Property sellers,https://bhhst.ca/,"Real Estate Brokerage account target where photorealistic 3D spaces could support luxury listing marketing, property walkthroughs, remote buyer previews.","SC3D fit is based on a visible, valuable or complex space that can benefit from hosted Gaussian-splat digital twins, remote walkthroughs, web embeds, annotations, measurement and repeat capture. Public category signals include high-value spaces, remote buyer previews, embeddable walkthroughs.",High-value spaces; Remote buyer previews; Embeddable walkthroughs,NOT CONFIRMED | NOT CONFIRMED | Website/contact form | https://bhhst.ca/,NOT CONFIRMED,NOT CONFIRMED,NOT CONFIRMED,Offer photorealistic 3D walkthroughs that let buyers experience premium listings online before booking showings.,88,70,New,"Initial SplatCap3D lead database. Qualification is based on spatial/digital-twin fit, not drone survey fit. Verify contacts before outreach.",2026-07-21
sc3d-mattamy-homes,Mattamy Homes,Builder/Developer,Toronto,Ontario,Ontario,Model home tours; Construction progress capture; Pre-sale marketing; Site documentation,Home builders; Developers; Sales centres,https://mattamyhomes.com/,"Builder/Developer account target where photorealistic 3D spaces could support model home tours, construction progress capture, pre-sale marketing.","SC3D fit is based on a visible, valuable or complex space that can benefit from hosted Gaussian-splat digital twins, remote walkthroughs, web embeds, annotations, measurement and repeat capture. Public category signals include model homes, progress updates, pre-sale visualization.",Model homes; Progress updates; Pre-sale visualization,NOT CONFIRMED | NOT CONFIRMED | Website/contact form | https://mattamyhomes.com/,NOT CONFIRMED,NOT CONFIRMED,NOT CONFIRMED,"Offer digital twins for model homes, sales centres and staged progress updates that help buyers and stakeholders understand the space.",86,70,New,"Initial SplatCap3D lead database. Qualification is based on spatial/digital-twin fit, not drone survey fit. Verify contacts before outreach.",2026-07-21
sc3d-tridel,Tridel,Builder/Developer,Toronto,Ontario,Ontario,Model home tours; Construction progress capture; Pre-sale marketing; Site documentation,Home builders; Developers; Sales centres,https://www.tridel.com/,"Builder/Developer account target where photorealistic 3D spaces could support model home tours, construction progress capture, pre-sale marketing.","SC3D fit is based on a visible, valuable or complex space that can benefit from hosted Gaussian-splat digital twins, remote walkthroughs, web embeds, annotations, measurement and repeat capture. Public category signals include model homes, progress updates, pre-sale visualization.",Model homes; Progress updates; Pre-sale visualization,NOT CONFIRMED | NOT CONFIRMED | Website/contact form | https://www.tridel.com/,NOT CONFIRMED,NOT CONFIRMED,NOT CONFIRMED,"Offer digital twins for model homes, sales centres and staged progress updates that help buyers and stakeholders understand the space.",86,70,New,"Initial SplatCap3D lead database. Qualification is based on spatial/digital-twin fit, not drone survey fit. Verify contacts before outreach.",2026-07-21
sc3d-the-daniels-corporation,The Daniels Corporation,Builder/Developer,Toronto,Ontario,Ontario,Model home tours; Construction progress capture; Pre-sale marketing; Site documentation,Home builders; Developers; Sales centres,https://danielshomes.ca/,"Builder/Developer account target where photorealistic 3D spaces could support model home tours, construction progress capture, pre-sale marketing.","SC3D fit is based on a visible, valuable or complex space that can benefit from hosted Gaussian-splat digital twins, remote walkthroughs, web embeds, annotations, measurement and repeat capture. Public category signals include model homes, progress updates, pre-sale visualization.",Model homes; Progress updates; Pre-sale visualization,NOT CONFIRMED | NOT CONFIRMED | Website/contact form | https://danielshomes.ca/,NOT CONFIRMED,NOT CONFIRMED,NOT CONFIRMED,"Offer digital twins for model homes, sales centres and staged progress updates that help buyers and stakeholders understand the space.",86,70,New,"Initial SplatCap3D lead database. Qualification is based on spatial/digital-twin fit, not drone survey fit. Verify contacts before outreach.",2026-07-21
sc3d-minto-communities,Minto Communities,Builder/Developer,Ottawa,Ontario,Ontario,Model home tours; Construction progress capture; Pre-sale marketing; Site documentation,Home builders; Developers; Sales centres,https://www.minto.com/,"Builder/Developer account target where photorealistic 3D spaces could support model home tours, construction progress capture, pre-sale marketing.","SC3D fit is based on a visible, valuable or complex space that can benefit from hosted Gaussian-splat digital twins, remote walkthroughs, web embeds, annotations, measurement and repeat capture. Public category signals include model homes, progress updates, pre-sale visualization.",Model homes; Progress updates; Pre-sale visualization,NOT CONFIRMED | NOT CONFIRMED | Website/contact form | https://www.minto.com/,NOT CONFIRMED,NOT CONFIRMED,NOT CONFIRMED,"Offer digital twins for model homes, sales centres and staged progress updates that help buyers and stakeholders understand the space.",86,70,New,"Initial SplatCap3D lead database. Qualification is based on spatial/digital-twin fit, not drone survey fit. Verify contacts before outreach.",2026-07-21
sc3d-great-gulf,Great Gulf,Builder/Developer,Toronto,Ontario,Ontario,Model home tours; Construction progress capture; Pre-sale marketing; Site documentation,Home builders; Developers; Sales centres,https://greatgulf.com/,"Builder/Developer account target where photorealistic 3D spaces could support model home tours, construction progress capture, pre-sale marketing.","SC3D fit is based on a visible, valuable or complex space that can benefit from hosted Gaussian-splat digital twins, remote walkthroughs, web embeds, annotations, measurement and repeat capture. Public category signals include model homes, progress updates, pre-sale visualization.",Model homes; Progress updates; Pre-sale visualization,NOT CONFIRMED | NOT CONFIRMED | Website/contact form | https://greatgulf.com/,NOT CONFIRMED,NOT CONFIRMED,NOT CONFIRMED,"Offer digital twins for model homes, sales centres and staged progress updates that help buyers and stakeholders understand the space.",86,70,New,"Initial SplatCap3D lead database. Qualification is based on spatial/digital-twin fit, not drone survey fit. Verify contacts before outreach.",2026-07-21
sc3d-empire-communities,Empire Communities,Builder/Developer,Vaughan,Ontario,Ontario,Model home tours; Construction progress capture; Pre-sale marketing; Site documentation,Home builders; Developers; Sales centres,https://www.empirecommunities.com/,"Builder/Developer account target where photorealistic 3D spaces could support model home tours, construction progress capture, pre-sale marketing.","SC3D fit is based on a visible, valuable or complex space that can benefit from hosted Gaussian-splat digital twins, remote walkthroughs, web embeds, annotations, measurement and repeat capture. Public category signals include model homes, progress updates, pre-sale visualization.",Model homes; Progress updates; Pre-sale visualization,NOT CONFIRMED | NOT CONFIRMED | Website/contact form | https://www.empirecommunities.com/,NOT CONFIRMED,NOT CONFIRMED,NOT CONFIRMED,"Offer digital twins for model homes, sales centres and staged progress updates that help buyers and stakeholders understand the space.",86,70,New,"Initial SplatCap3D lead database. Qualification is based on spatial/digital-twin fit, not drone survey fit. Verify contacts before outreach.",2026-07-21
sc3d-tribute-communities,Tribute Communities,Builder/Developer,Pickering,Ontario,Ontario,Model home tours; Construction progress capture; Pre-sale marketing; Site documentation,Home builders; Developers; Sales centres,https://www.tributecommunities.com/,"Builder/Developer account target where photorealistic 3D spaces could support model home tours, construction progress capture, pre-sale marketing.","SC3D fit is based on a visible, valuable or complex space that can benefit from hosted Gaussian-splat digital twins, remote walkthroughs, web embeds, annotations, measurement and repeat capture. Public category signals include model homes, progress updates, pre-sale visualization.",Model homes; Progress updates; Pre-sale visualization,NOT CONFIRMED | NOT CONFIRMED | Website/contact form | https://www.tributecommunities.com/,NOT CONFIRMED,NOT CONFIRMED,NOT CONFIRMED,"Offer digital twins for model homes, sales centres and staged progress updates that help buyers and stakeholders understand the space.",86,70,New,"Initial SplatCap3D lead database. Qualification is based on spatial/digital-twin fit, not drone survey fit. Verify contacts before outreach.",2026-07-21
sc3d-fusion-homes,Fusion Homes,Builder/Developer,Guelph,Ontario,Ontario,Model home tours; Construction progress capture; Pre-sale marketing; Site documentation,Home builders; Developers; Sales centres,https://www.fusionhomes.com/,"Builder/Developer account target where photorealistic 3D spaces could support model home tours, construction progress capture, pre-sale marketing.","SC3D fit is based on a visible, valuable or complex space that can benefit from hosted Gaussian-splat digital twins, remote walkthroughs, web embeds, annotations, measurement and repeat capture. Public category signals include model homes, progress updates, pre-sale visualization.",Model homes; Progress updates; Pre-sale visualization,NOT CONFIRMED | NOT CONFIRMED | Website/contact form | https://www.fusionhomes.com/,NOT CONFIRMED,NOT CONFIRMED,NOT CONFIRMED,"Offer digital twins for model homes, sales centres and staged progress updates that help buyers and stakeholders understand the space.",86,70,New,"Initial SplatCap3D lead database. Qualification is based on spatial/digital-twin fit, not drone survey fit. Verify contacts before outreach.",2026-07-21
sc3d-reid-s-heritage-homes,Reid's Heritage Homes,Builder/Developer,Cambridge,Ontario,Ontario,Model home tours; Construction progress capture; Pre-sale marketing; Site documentation,Home builders; Developers; Sales centres,https://www.reidsheritagehomes.com/,"Builder/Developer account target where photorealistic 3D spaces could support model home tours, construction progress capture, pre-sale marketing.","SC3D fit is based on a visible, valuable or complex space that can benefit from hosted Gaussian-splat digital twins, remote walkthroughs, web embeds, annotations, measurement and repeat capture. Public category signals include model homes, progress updates, pre-sale visualization.",Model homes; Progress updates; Pre-sale visualization,NOT CONFIRMED | NOT CONFIRMED | Website/contact form | https://www.reidsheritagehomes.com/,NOT CONFIRMED,NOT CONFIRMED,NOT CONFIRMED,"Offer digital twins for model homes, sales centres and staged progress updates that help buyers and stakeholders understand the space.",86,70,New,"Initial SplatCap3D lead database. Qualification is based on spatial/digital-twin fit, not drone survey fit. Verify contacts before outreach.",2026-07-21
sc3d-losani-homes,Losani Homes,Builder/Developer,Hamilton,Ontario,Ontario,Model home tours; Construction progress capture; Pre-sale marketing; Site documentation,Home builders; Developers; Sales centres,https://www.losanihomes.com/,"Builder/Developer account target where photorealistic 3D spaces could support model home tours, construction progress capture, pre-sale marketing.","SC3D fit is based on a visible, valuable or complex space that can benefit from hosted Gaussian-splat digital twins, remote walkthroughs, web embeds, annotations, measurement and repeat capture. Public category signals include model homes, progress updates, pre-sale visualization.",Model homes; Progress updates; Pre-sale visualization,NOT CONFIRMED | NOT CONFIRMED | Website/contact form | https://www.losanihomes.com/,NOT CONFIRMED,NOT CONFIRMED,NOT CONFIRMED,"Offer digital twins for model homes, sales centres and staged progress updates that help buyers and stakeholders understand the space.",86,70,New,"Initial SplatCap3D lead database. Qualification is based on spatial/digital-twin fit, not drone survey fit. Verify contacts before outreach.",2026-07-21
sc3d-oxford-properties,Oxford Properties,Commercial Property,Toronto,Ontario,Ontario,Leasing walkthroughs; Tenant improvement documentation; Building marketing; Remote stakeholder review,Landlords; Property managers; Leasing teams,https://www.oxfordproperties.com/,"Commercial Property account target where photorealistic 3D spaces could support leasing walkthroughs, tenant improvement documentation, building marketing.","SC3D fit is based on a visible, valuable or complex space that can benefit from hosted Gaussian-splat digital twins, remote walkthroughs, web embeds, annotations, measurement and repeat capture. Public category signals include leasing, remote stakeholder review, embeddable tours.",Leasing; Remote stakeholder review; Embeddable tours,NOT CONFIRMED | NOT CONFIRMED | Website/contact form | https://www.oxfordproperties.com/,NOT CONFIRMED,NOT CONFIRMED,NOT CONFIRMED,"Offer hosted digital twins for leasing, capital planning and remote stakeholder walkthroughs without repeated site visits.",87,70,New,"Initial SplatCap3D lead database. Qualification is based on spatial/digital-twin fit, not drone survey fit. Verify contacts before outreach.",2026-07-21
sc3d-cadillac-fairview,Cadillac Fairview,Commercial Property,Toronto,Ontario,Ontario,Leasing walkthroughs; Tenant improvement documentation; Building marketing; Remote stakeholder review,Landlords; Property managers; Leasing teams,https://www.cadillacfairview.com/,"Commercial Property account target where photorealistic 3D spaces could support leasing walkthroughs, tenant improvement documentation, building marketing.","SC3D fit is based on a visible, valuable or complex space that can benefit from hosted Gaussian-splat digital twins, remote walkthroughs, web embeds, annotations, measurement and repeat capture. Public category signals include leasing, remote stakeholder review, embeddable tours.",Leasing; Remote stakeholder review; Embeddable tours,NOT CONFIRMED | NOT CONFIRMED | Website/contact form | https://www.cadillacfairview.com/,NOT CONFIRMED,NOT CONFIRMED,NOT CONFIRMED,"Offer hosted digital twins for leasing, capital planning and remote stakeholder walkthroughs without repeated site visits.",87,70,New,"Initial SplatCap3D lead database. Qualification is based on spatial/digital-twin fit, not drone survey fit. Verify contacts before outreach.",2026-07-21
sc3d-riocan-reit,RioCan REIT,Commercial Property,Toronto,Ontario,Ontario,Leasing walkthroughs; Tenant improvement documentation; Building marketing; Remote stakeholder review,Landlords; Property managers; Leasing teams,https://www.riocan.com/,"Commercial Property account target where photorealistic 3D spaces could support leasing walkthroughs, tenant improvement documentation, building marketing.","SC3D fit is based on a visible, valuable or complex space that can benefit from hosted Gaussian-splat digital twins, remote walkthroughs, web embeds, annotations, measurement and repeat capture. Public category signals include leasing, remote stakeholder review, embeddable tours.",Leasing; Remote stakeholder review; Embeddable tours,NOT CONFIRMED | NOT CONFIRMED | Website/contact form | https://www.riocan.com/,NOT CONFIRMED,NOT CONFIRMED,NOT CONFIRMED,"Offer hosted digital twins for leasing, capital planning and remote stakeholder walkthroughs without repeated site visits.",87,70,New,"Initial SplatCap3D lead database. Qualification is based on spatial/digital-twin fit, not drone survey fit. Verify contacts before outreach.",2026-07-21
sc3d-choice-properties-reit,Choice Properties REIT,Commercial Property,Toronto,Ontario,Ontario,Leasing walkthroughs; Tenant improvement documentation; Building marketing; Remote stakeholder review,Landlords; Property managers; Leasing teams,https://www.choicereit.ca/,"Commercial Property account target where photorealistic 3D spaces could support leasing walkthroughs, tenant improvement documentation, building marketing.","SC3D fit is based on a visible, valuable or complex space that can benefit from hosted Gaussian-splat digital twins, remote walkthroughs, web embeds, annotations, measurement and repeat capture. Public category signals include leasing, remote stakeholder review, embeddable tours.",Leasing; Remote stakeholder review; Embeddable tours,NOT CONFIRMED | NOT CONFIRMED | Website/contact form | https://www.choicereit.ca/,NOT CONFIRMED,NOT CONFIRMED,NOT CONFIRMED,"Offer hosted digital twins for leasing, capital planning and remote stakeholder walkthroughs without repeated site visits.",87,70,New,"Initial SplatCap3D lead database. Qualification is based on spatial/digital-twin fit, not drone survey fit. Verify contacts before outreach.",2026-07-21
sc3d-smartcentres-reit,SmartCentres REIT,Commercial Property,Vaughan,Ontario,Ontario,Leasing walkthroughs; Tenant improvement documentation; Building marketing; Remote stakeholder review,Landlords; Property managers; Leasing teams,https://www.smartcentres.com/,"Commercial Property account target where photorealistic 3D spaces could support leasing walkthroughs, tenant improvement documentation, building marketing.","SC3D fit is based on a visible, valuable or complex space that can benefit from hosted Gaussian-splat digital twins, remote walkthroughs, web embeds, annotations, measurement and repeat capture. Public category signals include leasing, remote stakeholder review, embeddable tours.",Leasing; Remote stakeholder review; Embeddable tours,NOT CONFIRMED | NOT CONFIRMED | Website/contact form | https://www.smartcentres.com/,NOT CONFIRMED,NOT CONFIRMED,NOT CONFIRMED,"Offer hosted digital twins for leasing, capital planning and remote stakeholder walkthroughs without repeated site visits.",87,70,New,"Initial SplatCap3D lead database. Qualification is based on spatial/digital-twin fit, not drone survey fit. Verify contacts before outreach.",2026-07-21
sc3d-first-capital-reit,First Capital REIT,Commercial Property,Toronto,Ontario,Ontario,Leasing walkthroughs; Tenant improvement documentation; Building marketing; Remote stakeholder review,Landlords; Property managers; Leasing teams,https://fcr.ca/,"Commercial Property account target where photorealistic 3D spaces could support leasing walkthroughs, tenant improvement documentation, building marketing.","SC3D fit is based on a visible, valuable or complex space that can benefit from hosted Gaussian-splat digital twins, remote walkthroughs, web embeds, annotations, measurement and repeat capture. Public category signals include leasing, remote stakeholder review, embeddable tours.",Leasing; Remote stakeholder review; Embeddable tours,NOT CONFIRMED | NOT CONFIRMED | Website/contact form | https://fcr.ca/,NOT CONFIRMED,NOT CONFIRMED,NOT CONFIRMED,"Offer hosted digital twins for leasing, capital planning and remote stakeholder walkthroughs without repeated site visits.",87,70,New,"Initial SplatCap3D lead database. Qualification is based on spatial/digital-twin fit, not drone survey fit. Verify contacts before outreach.",2026-07-21
sc3d-allied-properties-reit,Allied Properties REIT,Commercial Property,Toronto,Ontario,Ontario,Leasing walkthroughs; Tenant improvement documentation; Building marketing; Remote stakeholder review,Landlords; Property managers; Leasing teams,https://www.alliedreit.com/,"Commercial Property account target where photorealistic 3D spaces could support leasing walkthroughs, tenant improvement documentation, building marketing.","SC3D fit is based on a visible, valuable or complex space that can benefit from hosted Gaussian-splat digital twins, remote walkthroughs, web embeds, annotations, measurement and repeat capture. Public category signals include leasing, remote stakeholder review, embeddable tours.",Leasing; Remote stakeholder review; Embeddable tours,NOT CONFIRMED | NOT CONFIRMED | Website/contact form | https://www.alliedreit.com/,NOT CONFIRMED,NOT CONFIRMED,NOT CONFIRMED,"Offer hosted digital twins for leasing, capital planning and remote stakeholder walkthroughs without repeated site visits.",87,70,New,"Initial SplatCap3D lead database. Qualification is based on spatial/digital-twin fit, not drone survey fit. Verify contacts before outreach.",2026-07-21
sc3d-gwl-realty-advisors,GWL Realty Advisors,Commercial Property,Toronto,Ontario,Ontario,Leasing walkthroughs; Tenant improvement documentation; Building marketing; Remote stakeholder review,Landlords; Property managers; Leasing teams,https://www.gwlrealtyadvisors.com/,"Commercial Property account target where photorealistic 3D spaces could support leasing walkthroughs, tenant improvement documentation, building marketing.","SC3D fit is based on a visible, valuable or complex space that can benefit from hosted Gaussian-splat digital twins, remote walkthroughs, web embeds, annotations, measurement and repeat capture. Public category signals include leasing, remote stakeholder review, embeddable tours.",Leasing; Remote stakeholder review; Embeddable tours,NOT CONFIRMED | NOT CONFIRMED | Website/contact form | https://www.gwlrealtyadvisors.com/,NOT CONFIRMED,NOT CONFIRMED,NOT CONFIRMED,"Offer hosted digital twins for leasing, capital planning and remote stakeholder walkthroughs without repeated site visits.",87,70,New,"Initial SplatCap3D lead database. Qualification is based on spatial/digital-twin fit, not drone survey fit. Verify contacts before outreach.",2026-07-21
sc3d-morguard,Morguard,Commercial Property,Mississauga,Ontario,Ontario,Leasing walkthroughs; Tenant improvement documentation; Building marketing; Remote stakeholder review,Landlords; Property managers; Leasing teams,https://www.morguard.com/,"Commercial Property account target where photorealistic 3D spaces could support leasing walkthroughs, tenant improvement documentation, building marketing.","SC3D fit is based on a visible, valuable or complex space that can benefit from hosted Gaussian-splat digital twins, remote walkthroughs, web embeds, annotations, measurement and repeat capture. Public category signals include leasing, remote stakeholder review, embeddable tours.",Leasing; Remote stakeholder review; Embeddable tours,NOT CONFIRMED | NOT CONFIRMED | Website/contact form | https://www.morguard.com/,NOT CONFIRMED,NOT CONFIRMED,NOT CONFIRMED,"Offer hosted digital twins for leasing, capital planning and remote stakeholder walkthroughs without repeated site visits.",87,70,New,"Initial SplatCap3D lead database. Qualification is based on spatial/digital-twin fit, not drone survey fit. Verify contacts before outreach.",2026-07-21
sc3d-cushman-wakefield-canada,Cushman & Wakefield Canada,Commercial Property,Toronto,Ontario,Ontario,Leasing walkthroughs; Tenant improvement documentation; Building marketing; Remote stakeholder review,Landlords; Property managers; Leasing teams,https://www.cushmanwakefield.com/en/canada,"Commercial Property account target where photorealistic 3D spaces could support leasing walkthroughs, tenant improvement documentation, building marketing.","SC3D fit is based on a visible, valuable or complex space that can benefit from hosted Gaussian-splat digital twins, remote walkthroughs, web embeds, annotations, measurement and repeat capture. Public category signals include leasing, remote stakeholder review, embeddable tours.",Leasing; Remote stakeholder review; Embeddable tours,NOT CONFIRMED | NOT CONFIRMED | Website/contact form | https://www.cushmanwakefield.com/en/canada,NOT CONFIRMED,NOT CONFIRMED,NOT CONFIRMED,"Offer hosted digital twins for leasing, capital planning and remote stakeholder walkthroughs without repeated site visits.",87,70,New,"Initial SplatCap3D lead database. Qualification is based on spatial/digital-twin fit, not drone survey fit. Verify contacts before outreach.",2026-07-21
sc3d-fairmont-royal-york,Fairmont Royal York,Hospitality/Event Venue,Toronto,Ontario,Ontario,Venue tours; Event sales; Room and layout previews; Guest experience marketing,Hotels; Venues; Event sales teams,https://www.fairmont-royal-york.com/,"Hospitality/Event Venue account target where photorealistic 3D spaces could support venue tours, event sales, room and layout previews.","SC3D fit is based on a visible, valuable or complex space that can benefit from hosted Gaussian-splat digital twins, remote walkthroughs, web embeds, annotations, measurement and repeat capture. Public category signals include venue tours, layout previews, sales embeds.",Venue tours; Layout previews; Sales embeds,NOT CONFIRMED | NOT CONFIRMED | Website/contact form | https://www.fairmont-royal-york.com/,NOT CONFIRMED,NOT CONFIRMED,NOT CONFIRMED,"Offer immersive venue twins that planners can walk through remotely when comparing rooms, layouts and guest flow.",90,70,New,"Initial SplatCap3D lead database. Qualification is based on spatial/digital-twin fit, not drone survey fit. Verify contacts before outreach.",2026-07-21
sc3d-hotel-x-toronto,Hotel X Toronto,Hospitality/Event Venue,Toronto,Ontario,Ontario,Venue tours; Event sales; Room and layout previews; Guest experience marketing,Hotels; Venues; Event sales teams,https://hotelxtoronto.com/,"Hospitality/Event Venue account target where photorealistic 3D spaces could support venue tours, event sales, room and layout previews.","SC3D fit is based on a visible, valuable or complex space that can benefit from hosted Gaussian-splat digital twins, remote walkthroughs, web embeds, annotations, measurement and repeat capture. Public category signals include venue tours, layout previews, sales embeds.",Venue tours; Layout previews; Sales embeds,NOT CONFIRMED | NOT CONFIRMED | Website/contact form | https://hotelxtoronto.com/,NOT CONFIRMED,NOT CONFIRMED,NOT CONFIRMED,"Offer immersive venue twins that planners can walk through remotely when comparing rooms, layouts and guest flow.",90,70,New,"Initial SplatCap3D lead database. Qualification is based on spatial/digital-twin fit, not drone survey fit. Verify contacts before outreach.",2026-07-21
sc3d-the-drake-hotel,The Drake Hotel,Hospitality/Event Venue,Toronto,Ontario,Ontario,Venue tours; Event sales; Room and layout previews; Guest experience marketing,Hotels; Venues; Event sales teams,https://www.thedrake.ca/,"Hospitality/Event Venue account target where photorealistic 3D spaces could support venue tours, event sales, room and layout previews.","SC3D fit is based on a visible, valuable or complex space that can benefit from hosted Gaussian-splat digital twins, remote walkthroughs, web embeds, annotations, measurement and repeat capture. Public category signals include venue tours, layout previews, sales embeds.",Venue tours; Layout previews; Sales embeds,NOT CONFIRMED | NOT CONFIRMED | Website/contact form | https://www.thedrake.ca/,NOT CONFIRMED,NOT CONFIRMED,NOT CONFIRMED,"Offer immersive venue twins that planners can walk through remotely when comparing rooms, layouts and guest flow.",90,70,New,"Initial SplatCap3D lead database. Qualification is based on spatial/digital-twin fit, not drone survey fit. Verify contacts before outreach.",2026-07-21
sc3d-liberty-grand-entertainment-complex,Liberty Grand Entertainment Complex,Hospitality/Event Venue,Toronto,Ontario,Ontario,Venue tours; Event sales; Room and layout previews; Guest experience marketing,Hotels; Venues; Event sales teams,https://libertygrand.com/,"Hospitality/Event Venue account target where photorealistic 3D spaces could support venue tours, event sales, room and layout previews.","SC3D fit is based on a visible, valuable or complex space that can benefit from hosted Gaussian-splat digital twins, remote walkthroughs, web embeds, annotations, measurement and repeat capture. Public category signals include venue tours, layout previews, sales embeds.",Venue tours; Layout previews; Sales embeds,NOT CONFIRMED | NOT CONFIRMED | Website/contact form | https://libertygrand.com/,NOT CONFIRMED,NOT CONFIRMED,NOT CONFIRMED,"Offer immersive venue twins that planners can walk through remotely when comparing rooms, layouts and guest flow.",90,70,New,"Initial SplatCap3D lead database. Qualification is based on spatial/digital-twin fit, not drone survey fit. Verify contacts before outreach.",2026-07-21
sc3d-evergreen-brick-works,Evergreen Brick Works,Hospitality/Event Venue,Toronto,Ontario,Ontario,Venue tours; Event sales; Room and layout previews; Guest experience marketing,Hotels; Venues; Event sales teams,https://www.evergreen.ca/,"Hospitality/Event Venue account target where photorealistic 3D spaces could support venue tours, event sales, room and layout previews.","SC3D fit is based on a visible, valuable or complex space that can benefit from hosted Gaussian-splat digital twins, remote walkthroughs, web embeds, annotations, measurement and repeat capture. Public category signals include venue tours, layout previews, sales embeds.",Venue tours; Layout previews; Sales embeds,NOT CONFIRMED | NOT CONFIRMED | Website/contact form | https://www.evergreen.ca/,NOT CONFIRMED,NOT CONFIRMED,NOT CONFIRMED,"Offer immersive venue twins that planners can walk through remotely when comparing rooms, layouts and guest flow.",90,70,New,"Initial SplatCap3D lead database. Qualification is based on spatial/digital-twin fit, not drone survey fit. Verify contacts before outreach.",2026-07-21
sc3d-the-arlington-estate,The Arlington Estate,Hospitality/Event Venue,Vaughan,Ontario,Ontario,Venue tours; Event sales; Room and layout previews; Guest experience marketing,Hotels; Venues; Event sales teams,https://thearlingtonestate.com/,"Hospitality/Event Venue account target where photorealistic 3D spaces could support venue tours, event sales, room and layout previews.","SC3D fit is based on a visible, valuable or complex space that can benefit from hosted Gaussian-splat digital twins, remote walkthroughs, web embeds, annotations, measurement and repeat capture. Public category signals include venue tours, layout previews, sales embeds.",Venue tours; Layout previews; Sales embeds,NOT CONFIRMED | NOT CONFIRMED | Website/contact form | https://thearlingtonestate.com/,NOT CONFIRMED,NOT CONFIRMED,NOT CONFIRMED,"Offer immersive venue twins that planners can walk through remotely when comparing rooms, layouts and guest flow.",90,70,New,"Initial SplatCap3D lead database. Qualification is based on spatial/digital-twin fit, not drone survey fit. Verify contacts before outreach.",2026-07-21
sc3d-elora-mill-hotel-spa,Elora Mill Hotel & Spa,Hospitality/Event Venue,Elora,Ontario,Ontario,Venue tours; Event sales; Room and layout previews; Guest experience marketing,Hotels; Venues; Event sales teams,https://eloramill.ca/,"Hospitality/Event Venue account target where photorealistic 3D spaces could support venue tours, event sales, room and layout previews.","SC3D fit is based on a visible, valuable or complex space that can benefit from hosted Gaussian-splat digital twins, remote walkthroughs, web embeds, annotations, measurement and repeat capture. Public category signals include venue tours, layout previews, sales embeds.",Venue tours; Layout previews; Sales embeds,NOT CONFIRMED | NOT CONFIRMED | Website/contact form | https://eloramill.ca/,NOT CONFIRMED,NOT CONFIRMED,NOT CONFIRMED,"Offer immersive venue twins that planners can walk through remotely when comparing rooms, layouts and guest flow.",90,70,New,"Initial SplatCap3D lead database. Qualification is based on spatial/digital-twin fit, not drone survey fit. Verify contacts before outreach.",2026-07-21
sc3d-pillar-and-post,Pillar and Post,Hospitality/Event Venue,Niagara-on-the-Lake,Ontario,Ontario,Venue tours; Event sales; Room and layout previews; Guest experience marketing,Hotels; Venues; Event sales teams,https://www.vintage-hotels.com/pillar-and-post/,"Hospitality/Event Venue account target where photorealistic 3D spaces could support venue tours, event sales, room and layout previews.","SC3D fit is based on a visible, valuable or complex space that can benefit from hosted Gaussian-splat digital twins, remote walkthroughs, web embeds, annotations, measurement and repeat capture. Public category signals include venue tours, layout previews, sales embeds.",Venue tours; Layout previews; Sales embeds,NOT CONFIRMED | NOT CONFIRMED | Website/contact form | https://www.vintage-hotels.com/pillar-and-post/,NOT CONFIRMED,NOT CONFIRMED,NOT CONFIRMED,"Offer immersive venue twins that planners can walk through remotely when comparing rooms, layouts and guest flow.",90,70,New,"Initial SplatCap3D lead database. Qualification is based on spatial/digital-twin fit, not drone survey fit. Verify contacts before outreach.",2026-07-21
sc3d-shaw-centre,Shaw Centre,Hospitality/Event Venue,Ottawa,Ontario,Ontario,Venue tours; Event sales; Room and layout previews; Guest experience marketing,Hotels; Venues; Event sales teams,https://shaw-centre.com/,"Hospitality/Event Venue account target where photorealistic 3D spaces could support venue tours, event sales, room and layout previews.","SC3D fit is based on a visible, valuable or complex space that can benefit from hosted Gaussian-splat digital twins, remote walkthroughs, web embeds, annotations, measurement and repeat capture. Public category signals include venue tours, layout previews, sales embeds.",Venue tours; Layout previews; Sales embeds,NOT CONFIRMED | NOT CONFIRMED | Website/contact form | https://shaw-centre.com/,NOT CONFIRMED,NOT CONFIRMED,NOT CONFIRMED,"Offer immersive venue twins that planners can walk through remotely when comparing rooms, layouts and guest flow.",90,70,New,"Initial SplatCap3D lead database. Qualification is based on spatial/digital-twin fit, not drone survey fit. Verify contacts before outreach.",2026-07-21
sc3d-niagara-falls-convention-centre,Niagara Falls Convention Centre,Hospitality/Event Venue,Niagara Falls,Ontario,Ontario,Venue tours; Event sales; Room and layout previews; Guest experience marketing,Hotels; Venues; Event sales teams,https://www.fallsconventions.com/,"Hospitality/Event Venue account target where photorealistic 3D spaces could support venue tours, event sales, room and layout previews.","SC3D fit is based on a visible, valuable or complex space that can benefit from hosted Gaussian-splat digital twins, remote walkthroughs, web embeds, annotations, measurement and repeat capture. Public category signals include venue tours, layout previews, sales embeds.",Venue tours; Layout previews; Sales embeds,NOT CONFIRMED | NOT CONFIRMED | Website/contact form | https://www.fallsconventions.com/,NOT CONFIRMED,NOT CONFIRMED,NOT CONFIRMED,"Offer immersive venue twins that planners can walk through remotely when comparing rooms, layouts and guest flow.",90,70,New,"Initial SplatCap3D lead database. Qualification is based on spatial/digital-twin fit, not drone survey fit. Verify contacts before outreach.",2026-07-21
sc3d-royal-ontario-museum,Royal Ontario Museum,Tourism/Heritage,Toronto,Ontario,Ontario,Visitor experience; Collections and site documentation; Virtual access; Educational walkthroughs,Museums; Heritage sites; Tourism operators,https://www.rom.on.ca/,"Tourism/Heritage account target where photorealistic 3D spaces could support visitor experience, collections and site documentation, virtual access.","SC3D fit is based on a visible, valuable or complex space that can benefit from hosted Gaussian-splat digital twins, remote walkthroughs, web embeds, annotations, measurement and repeat capture. Public category signals include virtual access, public experience, educational walkthroughs.",Virtual access; Public experience; Educational walkthroughs,NOT CONFIRMED | NOT CONFIRMED | Website/contact form | https://www.rom.on.ca/,NOT CONFIRMED,NOT CONFIRMED,NOT CONFIRMED,"Offer photorealistic 3D access for exhibits, historic interiors and visitor experiences that can be shared online.",89,70,New,"Initial SplatCap3D lead database. Qualification is based on spatial/digital-twin fit, not drone survey fit. Verify contacts before outreach.",2026-07-21
sc3d-art-gallery-of-ontario,Art Gallery of Ontario,Tourism/Heritage,Toronto,Ontario,Ontario,Visitor experience; Collections and site documentation; Virtual access; Educational walkthroughs,Museums; Heritage sites; Tourism operators,https://ago.ca/,"Tourism/Heritage account target where photorealistic 3D spaces could support visitor experience, collections and site documentation, virtual access.","SC3D fit is based on a visible, valuable or complex space that can benefit from hosted Gaussian-splat digital twins, remote walkthroughs, web embeds, annotations, measurement and repeat capture. Public category signals include virtual access, public experience, educational walkthroughs.",Virtual access; Public experience; Educational walkthroughs,NOT CONFIRMED | NOT CONFIRMED | Website/contact form | https://ago.ca/,NOT CONFIRMED,NOT CONFIRMED,NOT CONFIRMED,"Offer photorealistic 3D access for exhibits, historic interiors and visitor experiences that can be shared online.",89,70,New,"Initial SplatCap3D lead database. Qualification is based on spatial/digital-twin fit, not drone survey fit. Verify contacts before outreach.",2026-07-21
sc3d-aga-khan-museum,Aga Khan Museum,Tourism/Heritage,Toronto,Ontario,Ontario,Visitor experience; Collections and site documentation; Virtual access; Educational walkthroughs,Museums; Heritage sites; Tourism operators,https://agakhanmuseum.org/,"Tourism/Heritage account target where photorealistic 3D spaces could support visitor experience, collections and site documentation, virtual access.","SC3D fit is based on a visible, valuable or complex space that can benefit from hosted Gaussian-splat digital twins, remote walkthroughs, web embeds, annotations, measurement and repeat capture. Public category signals include virtual access, public experience, educational walkthroughs.",Virtual access; Public experience; Educational walkthroughs,NOT CONFIRMED | NOT CONFIRMED | Website/contact form | https://agakhanmuseum.org/,NOT CONFIRMED,NOT CONFIRMED,NOT CONFIRMED,"Offer photorealistic 3D access for exhibits, historic interiors and visitor experiences that can be shared online.",89,70,New,"Initial SplatCap3D lead database. Qualification is based on spatial/digital-twin fit, not drone survey fit. Verify contacts before outreach.",2026-07-21
sc3d-mcmichael-canadian-art-collection,McMichael Canadian Art Collection,Tourism/Heritage,Kleinburg,Ontario,Ontario,Visitor experience; Collections and site documentation; Virtual access; Educational walkthroughs,Museums; Heritage sites; Tourism operators,https://mcmichael.com/,"Tourism/Heritage account target where photorealistic 3D spaces could support visitor experience, collections and site documentation, virtual access.","SC3D fit is based on a visible, valuable or complex space that can benefit from hosted Gaussian-splat digital twins, remote walkthroughs, web embeds, annotations, measurement and repeat capture. Public category signals include virtual access, public experience, educational walkthroughs.",Virtual access; Public experience; Educational walkthroughs,NOT CONFIRMED | NOT CONFIRMED | Website/contact form | https://mcmichael.com/,NOT CONFIRMED,NOT CONFIRMED,NOT CONFIRMED,"Offer photorealistic 3D access for exhibits, historic interiors and visitor experiences that can be shared online.",89,70,New,"Initial SplatCap3D lead database. Qualification is based on spatial/digital-twin fit, not drone survey fit. Verify contacts before outreach.",2026-07-21
sc3d-fort-henry-national-historic-site,Fort Henry National Historic Site,Tourism/Heritage,Kingston,Ontario,Ontario,Visitor experience; Collections and site documentation; Virtual access; Educational walkthroughs,Museums; Heritage sites; Tourism operators,https://www.forthenry.com/,"Tourism/Heritage account target where photorealistic 3D spaces could support visitor experience, collections and site documentation, virtual access.","SC3D fit is based on a visible, valuable or complex space that can benefit from hosted Gaussian-splat digital twins, remote walkthroughs, web embeds, annotations, measurement and repeat capture. Public category signals include virtual access, public experience, educational walkthroughs.",Virtual access; Public experience; Educational walkthroughs,NOT CONFIRMED | NOT CONFIRMED | Website/contact form | https://www.forthenry.com/,NOT CONFIRMED,NOT CONFIRMED,NOT CONFIRMED,"Offer photorealistic 3D access for exhibits, historic interiors and visitor experiences that can be shared online.",89,70,New,"Initial SplatCap3D lead database. Qualification is based on spatial/digital-twin fit, not drone survey fit. Verify contacts before outreach.",2026-07-21
sc3d-stratford-festival,Stratford Festival,Tourism/Heritage,Stratford,Ontario,Ontario,Visitor experience; Collections and site documentation; Virtual access; Educational walkthroughs,Museums; Heritage sites; Tourism operators,https://www.stratfordfestival.ca/,"Tourism/Heritage account target where photorealistic 3D spaces could support visitor experience, collections and site documentation, virtual access.","SC3D fit is based on a visible, valuable or complex space that can benefit from hosted Gaussian-splat digital twins, remote walkthroughs, web embeds, annotations, measurement and repeat capture. Public category signals include virtual access, public experience, educational walkthroughs.",Virtual access; Public experience; Educational walkthroughs,NOT CONFIRMED | NOT CONFIRMED | Website/contact form | https://www.stratfordfestival.ca/,NOT CONFIRMED,NOT CONFIRMED,NOT CONFIRMED,"Offer photorealistic 3D access for exhibits, historic interiors and visitor experiences that can be shared online.",89,70,New,"Initial SplatCap3D lead database. Qualification is based on spatial/digital-twin fit, not drone survey fit. Verify contacts before outreach.",2026-07-21
sc3d-canadian-warplane-heritage-museum,Canadian Warplane Heritage Museum,Tourism/Heritage,Hamilton,Ontario,Ontario,Visitor experience; Collections and site documentation; Virtual access; Educational walkthroughs,Museums; Heritage sites; Tourism operators,https://www.warplane.com/,"Tourism/Heritage account target where photorealistic 3D spaces could support visitor experience, collections and site documentation, virtual access.","SC3D fit is based on a visible, valuable or complex space that can benefit from hosted Gaussian-splat digital twins, remote walkthroughs, web embeds, annotations, measurement and repeat capture. Public category signals include virtual access, public experience, educational walkthroughs.",Virtual access; Public experience; Educational walkthroughs,NOT CONFIRMED | NOT CONFIRMED | Website/contact form | https://www.warplane.com/,NOT CONFIRMED,NOT CONFIRMED,NOT CONFIRMED,"Offer photorealistic 3D access for exhibits, historic interiors and visitor experiences that can be shared online.",89,70,New,"Initial SplatCap3D lead database. Qualification is based on spatial/digital-twin fit, not drone survey fit. Verify contacts before outreach.",2026-07-21
sc3d-science-north,Science North,Tourism/Heritage,Sudbury,Ontario,Ontario,Visitor experience; Collections and site documentation; Virtual access; Educational walkthroughs,Museums; Heritage sites; Tourism operators,https://www.sciencenorth.ca/,"Tourism/Heritage account target where photorealistic 3D spaces could support visitor experience, collections and site documentation, virtual access.","SC3D fit is based on a visible, valuable or complex space that can benefit from hosted Gaussian-splat digital twins, remote walkthroughs, web embeds, annotations, measurement and repeat capture. Public category signals include virtual access, public experience, educational walkthroughs.",Virtual access; Public experience; Educational walkthroughs,NOT CONFIRMED | NOT CONFIRMED | Website/contact form | https://www.sciencenorth.ca/,NOT CONFIRMED,NOT CONFIRMED,NOT CONFIRMED,"Offer photorealistic 3D access for exhibits, historic interiors and visitor experiences that can be shared online.",89,70,New,"Initial SplatCap3D lead database. Qualification is based on spatial/digital-twin fit, not drone survey fit. Verify contacts before outreach.",2026-07-21
sc3d-ontario-science-centre,Ontario Science Centre,Tourism/Heritage,Toronto,Ontario,Ontario,Visitor experience; Collections and site documentation; Virtual access; Educational walkthroughs,Museums; Heritage sites; Tourism operators,https://www.ontariosciencecentre.ca/,"Tourism/Heritage account target where photorealistic 3D spaces could support visitor experience, collections and site documentation, virtual access.","SC3D fit is based on a visible, valuable or complex space that can benefit from hosted Gaussian-splat digital twins, remote walkthroughs, web embeds, annotations, measurement and repeat capture. Public category signals include virtual access, public experience, educational walkthroughs.",Virtual access; Public experience; Educational walkthroughs,NOT CONFIRMED | NOT CONFIRMED | Website/contact form | https://www.ontariosciencecentre.ca/,NOT CONFIRMED,NOT CONFIRMED,NOT CONFIRMED,"Offer photorealistic 3D access for exhibits, historic interiors and visitor experiences that can be shared online.",89,70,New,"Initial SplatCap3D lead database. Qualification is based on spatial/digital-twin fit, not drone survey fit. Verify contacts before outreach.",2026-07-21
sc3d-casa-loma,Casa Loma,Tourism/Heritage,Toronto,Ontario,Ontario,Visitor experience; Collections and site documentation; Virtual access; Educational walkthroughs,Museums; Heritage sites; Tourism operators,https://casaloma.ca/,"Tourism/Heritage account target where photorealistic 3D spaces could support visitor experience, collections and site documentation, virtual access.","SC3D fit is based on a visible, valuable or complex space that can benefit from hosted Gaussian-splat digital twins, remote walkthroughs, web embeds, annotations, measurement and repeat capture. Public category signals include virtual access, public experience, educational walkthroughs.",Virtual access; Public experience; Educational walkthroughs,NOT CONFIRMED | NOT CONFIRMED | Website/contact form | https://casaloma.ca/,NOT CONFIRMED,NOT CONFIRMED,NOT CONFIRMED,"Offer photorealistic 3D access for exhibits, historic interiors and visitor experiences that can be shared online.",89,70,New,"Initial SplatCap3D lead database. Qualification is based on spatial/digital-twin fit, not drone survey fit. Verify contacts before outreach.",2026-07-21
sc3d-pinewood-toronto-studios,Pinewood Toronto Studios,Film/Virtual Production,Toronto,Ontario,Ontario,Location scouting; Virtual production assets; Set documentation; Creative previsualization,Studios; Production companies; Location managers,https://pinewoodgroup.com/studios/pinewood-toronto-studios,"Film/Virtual Production account target where photorealistic 3D spaces could support location scouting, virtual production assets, set documentation.","SC3D fit is based on a visible, valuable or complex space that can benefit from hosted Gaussian-splat digital twins, remote walkthroughs, web embeds, annotations, measurement and repeat capture. Public category signals include location scouting, virtual production, reusable 3d environments.",Location scouting; Virtual production; Reusable 3D environments,NOT CONFIRMED | NOT CONFIRMED | Website/contact form | https://pinewoodgroup.com/studios/pinewood-toronto-studios,NOT CONFIRMED,NOT CONFIRMED,NOT CONFIRMED,"Offer spatial scans for remote location scouting, virtual production reference and reusable digital environments.",87,70,New,"Initial SplatCap3D lead database. Qualification is based on spatial/digital-twin fit, not drone survey fit. Verify contacts before outreach.",2026-07-21
sc3d-william-f-white-international,William F. White International,Film/Virtual Production,Toronto,Ontario,Ontario,Location scouting; Virtual production assets; Set documentation; Creative previsualization,Studios; Production companies; Location managers,https://www.whites.com/,"Film/Virtual Production account target where photorealistic 3D spaces could support location scouting, virtual production assets, set documentation.","SC3D fit is based on a visible, valuable or complex space that can benefit from hosted Gaussian-splat digital twins, remote walkthroughs, web embeds, annotations, measurement and repeat capture. Public category signals include location scouting, virtual production, reusable 3d environments.",Location scouting; Virtual production; Reusable 3D environments,NOT CONFIRMED | NOT CONFIRMED | Website/contact form | https://www.whites.com/,NOT CONFIRMED,NOT CONFIRMED,NOT CONFIRMED,"Offer spatial scans for remote location scouting, virtual production reference and reusable digital environments.",87,70,New,"Initial SplatCap3D lead database. Qualification is based on spatial/digital-twin fit, not drone survey fit. Verify contacts before outreach.",2026-07-21
sc3d-cinespace-studios-toronto,Cinespace Studios Toronto,Film/Virtual Production,Toronto,Ontario,Ontario,Location scouting; Virtual production assets; Set documentation; Creative previsualization,Studios; Production companies; Location managers,https://www.cinespace.com/,"Film/Virtual Production account target where photorealistic 3D spaces could support location scouting, virtual production assets, set documentation.","SC3D fit is based on a visible, valuable or complex space that can benefit from hosted Gaussian-splat digital twins, remote walkthroughs, web embeds, annotations, measurement and repeat capture. Public category signals include location scouting, virtual production, reusable 3d environments.",Location scouting; Virtual production; Reusable 3D environments,NOT CONFIRMED | NOT CONFIRMED | Website/contact form | https://www.cinespace.com/,NOT CONFIRMED,NOT CONFIRMED,NOT CONFIRMED,"Offer spatial scans for remote location scouting, virtual production reference and reusable digital environments.",87,70,New,"Initial SplatCap3D lead database. Qualification is based on spatial/digital-twin fit, not drone survey fit. Verify contacts before outreach.",2026-07-21
sc3d-studio-city-toronto,Studio City Toronto,Film/Virtual Production,Toronto,Ontario,Ontario,Location scouting; Virtual production assets; Set documentation; Creative previsualization,Studios; Production companies; Location managers,https://studiocitytoronto.com/,"Film/Virtual Production account target where photorealistic 3D spaces could support location scouting, virtual production assets, set documentation.","SC3D fit is based on a visible, valuable or complex space that can benefit from hosted Gaussian-splat digital twins, remote walkthroughs, web embeds, annotations, measurement and repeat capture. Public category signals include location scouting, virtual production, reusable 3d environments.",Location scouting; Virtual production; Reusable 3D environments,NOT CONFIRMED | NOT CONFIRMED | Website/contact form | https://studiocitytoronto.com/,NOT CONFIRMED,NOT CONFIRMED,NOT CONFIRMED,"Offer spatial scans for remote location scouting, virtual production reference and reusable digital environments.",87,70,New,"Initial SplatCap3D lead database. Qualification is based on spatial/digital-twin fit, not drone survey fit. Verify contacts before outreach.",2026-07-21
sc3d-tribro-studios,TriBro Studios,Film/Virtual Production,Toronto,Ontario,Ontario,Location scouting; Virtual production assets; Set documentation; Creative previsualization,Studios; Production companies; Location managers,https://www.tribrostudios.com/,"Film/Virtual Production account target where photorealistic 3D spaces could support location scouting, virtual production assets, set documentation.","SC3D fit is based on a visible, valuable or complex space that can benefit from hosted Gaussian-splat digital twins, remote walkthroughs, web embeds, annotations, measurement and repeat capture. Public category signals include location scouting, virtual production, reusable 3d environments.",Location scouting; Virtual production; Reusable 3D environments,NOT CONFIRMED | NOT CONFIRMED | Website/contact form | https://www.tribrostudios.com/,NOT CONFIRMED,NOT CONFIRMED,NOT CONFIRMED,"Offer spatial scans for remote location scouting, virtual production reference and reusable digital environments.",87,70,New,"Initial SplatCap3D lead database. Qualification is based on spatial/digital-twin fit, not drone survey fit. Verify contacts before outreach.",2026-07-21
sc3d-stratagem-studios,Stratagem Studios,Film/Virtual Production,Toronto,Ontario,Ontario,Location scouting; Virtual production assets; Set documentation; Creative previsualization,Studios; Production companies; Location managers,https://www.stratagemstudios.com/,"Film/Virtual Production account target where photorealistic 3D spaces could support location scouting, virtual production assets, set documentation.","SC3D fit is based on a visible, valuable or complex space that can benefit from hosted Gaussian-splat digital twins, remote walkthroughs, web embeds, annotations, measurement and repeat capture. Public category signals include location scouting, virtual production, reusable 3d environments.",Location scouting; Virtual production; Reusable 3D environments,NOT CONFIRMED | NOT CONFIRMED | Website/contact form | https://www.stratagemstudios.com/,NOT CONFIRMED,NOT CONFIRMED,NOT CONFIRMED,"Offer spatial scans for remote location scouting, virtual production reference and reusable digital environments.",87,70,New,"Initial SplatCap3D lead database. Qualification is based on spatial/digital-twin fit, not drone survey fit. Verify contacts before outreach.",2026-07-21
sc3d-soho-vfx,Soho VFX,Film/Virtual Production,Toronto,Ontario,Ontario,Location scouting; Virtual production assets; Set documentation; Creative previsualization,Studios; Production companies; Location managers,https://www.sohovfx.com/,"Film/Virtual Production account target where photorealistic 3D spaces could support location scouting, virtual production assets, set documentation.","SC3D fit is based on a visible, valuable or complex space that can benefit from hosted Gaussian-splat digital twins, remote walkthroughs, web embeds, annotations, measurement and repeat capture. Public category signals include location scouting, virtual production, reusable 3d environments.",Location scouting; Virtual production; Reusable 3D environments,NOT CONFIRMED | NOT CONFIRMED | Website/contact form | https://www.sohovfx.com/,NOT CONFIRMED,NOT CONFIRMED,NOT CONFIRMED,"Offer spatial scans for remote location scouting, virtual production reference and reusable digital environments.",87,70,New,"Initial SplatCap3D lead database. Qualification is based on spatial/digital-twin fit, not drone survey fit. Verify contacts before outreach.",2026-07-21
sc3d-rocket-science-vfx,Rocket Science VFX,Film/Virtual Production,Toronto,Ontario,Ontario,Location scouting; Virtual production assets; Set documentation; Creative previsualization,Studios; Production companies; Location managers,https://www.rsvfx.com/,"Film/Virtual Production account target where photorealistic 3D spaces could support location scouting, virtual production assets, set documentation.","SC3D fit is based on a visible, valuable or complex space that can benefit from hosted Gaussian-splat digital twins, remote walkthroughs, web embeds, annotations, measurement and repeat capture. Public category signals include location scouting, virtual production, reusable 3d environments.",Location scouting; Virtual production; Reusable 3D environments,NOT CONFIRMED | NOT CONFIRMED | Website/contact form | https://www.rsvfx.com/,NOT CONFIRMED,NOT CONFIRMED,NOT CONFIRMED,"Offer spatial scans for remote location scouting, virtual production reference and reusable digital environments.",87,70,New,"Initial SplatCap3D lead database. Qualification is based on spatial/digital-twin fit, not drone survey fit. Verify contacts before outreach.",2026-07-21
sc3d-mr-x,Mr. X,Film/Virtual Production,Toronto,Ontario,Ontario,Location scouting; Virtual production assets; Set documentation; Creative previsualization,Studios; Production companies; Location managers,https://www.mrxfx.com/,"Film/Virtual Production account target where photorealistic 3D spaces could support location scouting, virtual production assets, set documentation.","SC3D fit is based on a visible, valuable or complex space that can benefit from hosted Gaussian-splat digital twins, remote walkthroughs, web embeds, annotations, measurement and repeat capture. Public category signals include location scouting, virtual production, reusable 3d environments.",Location scouting; Virtual production; Reusable 3D environments,NOT CONFIRMED | NOT CONFIRMED | Website/contact form | https://www.mrxfx.com/,NOT CONFIRMED,NOT CONFIRMED,NOT CONFIRMED,"Offer spatial scans for remote location scouting, virtual production reference and reusable digital environments.",87,70,New,"Initial SplatCap3D lead database. Qualification is based on spatial/digital-twin fit, not drone survey fit. Verify contacts before outreach.",2026-07-21
sc3d-pixomondo-toronto,Pixomondo Toronto,Film/Virtual Production,Toronto,Ontario,Ontario,Location scouting; Virtual production assets; Set documentation; Creative previsualization,Studios; Production companies; Location managers,https://www.pixomondo.com/,"Film/Virtual Production account target where photorealistic 3D spaces could support location scouting, virtual production assets, set documentation.","SC3D fit is based on a visible, valuable or complex space that can benefit from hosted Gaussian-splat digital twins, remote walkthroughs, web embeds, annotations, measurement and repeat capture. Public category signals include location scouting, virtual production, reusable 3d environments.",Location scouting; Virtual production; Reusable 3D environments,NOT CONFIRMED | NOT CONFIRMED | Website/contact form | https://www.pixomondo.com/,NOT CONFIRMED,NOT CONFIRMED,NOT CONFIRMED,"Offer spatial scans for remote location scouting, virtual production reference and reusable digital environments.",87,70,New,"Initial SplatCap3D lead database. Qualification is based on spatial/digital-twin fit, not drone survey fit. Verify contacts before outreach.",2026-07-21
sc3d-ikea-canada,IKEA Canada,Retail/Showroom,Burlington,Ontario,Ontario,Showroom tours; Product environment capture; Customer experience marketing; Web embeds,Retailers; Showrooms; Brand teams,https://www.ikea.com/ca/en/,"Retail/Showroom account target where photorealistic 3D spaces could support showroom tours, product environment capture, customer experience marketing.","SC3D fit is based on a visible, valuable or complex space that can benefit from hosted Gaussian-splat digital twins, remote walkthroughs, web embeds, annotations, measurement and repeat capture. Public category signals include showrooms, customer experience, interactive web embeds.",Showrooms; Customer experience; Interactive web embeds,NOT CONFIRMED | NOT CONFIRMED | Website/contact form | https://www.ikea.com/ca/en/,NOT CONFIRMED,NOT CONFIRMED,NOT CONFIRMED,Offer interactive showroom twins that help customers explore the space and product environment before visiting.,84,70,New,"Initial SplatCap3D lead database. Qualification is based on spatial/digital-twin fit, not drone survey fit. Verify contacts before outreach.",2026-07-21
sc3d-eq3-toronto,EQ3 Toronto,Retail/Showroom,Toronto,Ontario,Ontario,Showroom tours; Product environment capture; Customer experience marketing; Web embeds,Retailers; Showrooms; Brand teams,https://www.eq3.com/ca/en,"Retail/Showroom account target where photorealistic 3D spaces could support showroom tours, product environment capture, customer experience marketing.","SC3D fit is based on a visible, valuable or complex space that can benefit from hosted Gaussian-splat digital twins, remote walkthroughs, web embeds, annotations, measurement and repeat capture. Public category signals include showrooms, customer experience, interactive web embeds.",Showrooms; Customer experience; Interactive web embeds,NOT CONFIRMED | NOT CONFIRMED | Website/contact form | https://www.eq3.com/ca/en,NOT CONFIRMED,NOT CONFIRMED,NOT CONFIRMED,Offer interactive showroom twins that help customers explore the space and product environment before visiting.,84,70,New,"Initial SplatCap3D lead database. Qualification is based on spatial/digital-twin fit, not drone survey fit. Verify contacts before outreach.",2026-07-21
sc3d-elte,Elte,Retail/Showroom,Toronto,Ontario,Ontario,Showroom tours; Product environment capture; Customer experience marketing; Web embeds,Retailers; Showrooms; Brand teams,https://www.elte.com/,"Retail/Showroom account target where photorealistic 3D spaces could support showroom tours, product environment capture, customer experience marketing.","SC3D fit is based on a visible, valuable or complex space that can benefit from hosted Gaussian-splat digital twins, remote walkthroughs, web embeds, annotations, measurement and repeat capture. Public category signals include showrooms, customer experience, interactive web embeds.",Showrooms; Customer experience; Interactive web embeds,NOT CONFIRMED | NOT CONFIRMED | Website/contact form | https://www.elte.com/,NOT CONFIRMED,NOT CONFIRMED,NOT CONFIRMED,Offer interactive showroom twins that help customers explore the space and product environment before visiting.,84,70,New,"Initial SplatCap3D lead database. Qualification is based on spatial/digital-twin fit, not drone survey fit. Verify contacts before outreach.",2026-07-21
sc3d-tepperman-s,Tepperman's,Retail/Showroom,Windsor,Ontario,Ontario,Showroom tours; Product environment capture; Customer experience marketing; Web embeds,Retailers; Showrooms; Brand teams,https://www.tepermans.com/,"Retail/Showroom account target where photorealistic 3D spaces could support showroom tours, product environment capture, customer experience marketing.","SC3D fit is based on a visible, valuable or complex space that can benefit from hosted Gaussian-splat digital twins, remote walkthroughs, web embeds, annotations, measurement and repeat capture. Public category signals include showrooms, customer experience, interactive web embeds.",Showrooms; Customer experience; Interactive web embeds,NOT CONFIRMED | NOT CONFIRMED | Website/contact form | https://www.tepermans.com/,NOT CONFIRMED,NOT CONFIRMED,NOT CONFIRMED,Offer interactive showroom twins that help customers explore the space and product environment before visiting.,84,70,New,"Initial SplatCap3D lead database. Qualification is based on spatial/digital-twin fit, not drone survey fit. Verify contacts before outreach.",2026-07-21
sc3d-mobilia,Mobilia,Retail/Showroom,Toronto,Ontario,Ontario,Showroom tours; Product environment capture; Customer experience marketing; Web embeds,Retailers; Showrooms; Brand teams,https://mobilia.ca/,"Retail/Showroom account target where photorealistic 3D spaces could support showroom tours, product environment capture, customer experience marketing.","SC3D fit is based on a visible, valuable or complex space that can benefit from hosted Gaussian-splat digital twins, remote walkthroughs, web embeds, annotations, measurement and repeat capture. Public category signals include showrooms, customer experience, interactive web embeds.",Showrooms; Customer experience; Interactive web embeds,NOT CONFIRMED | NOT CONFIRMED | Website/contact form | https://mobilia.ca/,NOT CONFIRMED,NOT CONFIRMED,NOT CONFIRMED,Offer interactive showroom twins that help customers explore the space and product environment before visiting.,84,70,New,"Initial SplatCap3D lead database. Qualification is based on spatial/digital-twin fit, not drone survey fit. Verify contacts before outreach.",2026-07-21
sc3d-tasco-appliances,Tasco Appliances,Retail/Showroom,Toronto,Ontario,Ontario,Showroom tours; Product environment capture; Customer experience marketing; Web embeds,Retailers; Showrooms; Brand teams,https://www.tascoappliance.ca/,"Retail/Showroom account target where photorealistic 3D spaces could support showroom tours, product environment capture, customer experience marketing.","SC3D fit is based on a visible, valuable or complex space that can benefit from hosted Gaussian-splat digital twins, remote walkthroughs, web embeds, annotations, measurement and repeat capture. Public category signals include showrooms, customer experience, interactive web embeds.",Showrooms; Customer experience; Interactive web embeds,NOT CONFIRMED | NOT CONFIRMED | Website/contact form | https://www.tascoappliance.ca/,NOT CONFIRMED,NOT CONFIRMED,NOT CONFIRMED,Offer interactive showroom twins that help customers explore the space and product environment before visiting.,84,70,New,"Initial SplatCap3D lead database. Qualification is based on spatial/digital-twin fit, not drone survey fit. Verify contacts before outreach.",2026-07-21
sc3d-porsche-centre-oakville,Porsche Centre Oakville,Retail/Showroom,Oakville,Ontario,Ontario,Showroom tours; Product environment capture; Customer experience marketing; Web embeds,Retailers; Showrooms; Brand teams,https://www.porschecentreoakville.com/,"Retail/Showroom account target where photorealistic 3D spaces could support showroom tours, product environment capture, customer experience marketing.","SC3D fit is based on a visible, valuable or complex space that can benefit from hosted Gaussian-splat digital twins, remote walkthroughs, web embeds, annotations, measurement and repeat capture. Public category signals include showrooms, customer experience, interactive web embeds.",Showrooms; Customer experience; Interactive web embeds,NOT CONFIRMED | NOT CONFIRMED | Website/contact form | https://www.porschecentreoakville.com/,NOT CONFIRMED,NOT CONFIRMED,NOT CONFIRMED,Offer interactive showroom twins that help customers explore the space and product environment before visiting.,84,70,New,"Initial SplatCap3D lead database. Qualification is based on spatial/digital-twin fit, not drone survey fit. Verify contacts before outreach.",2026-07-21
sc3d-pfaff-automotive-partners,Pfaff Automotive Partners,Retail/Showroom,Vaughan,Ontario,Ontario,Showroom tours; Product environment capture; Customer experience marketing; Web embeds,Retailers; Showrooms; Brand teams,https://www.pfaffauto.com/,"Retail/Showroom account target where photorealistic 3D spaces could support showroom tours, product environment capture, customer experience marketing.","SC3D fit is based on a visible, valuable or complex space that can benefit from hosted Gaussian-splat digital twins, remote walkthroughs, web embeds, annotations, measurement and repeat capture. Public category signals include showrooms, customer experience, interactive web embeds.",Showrooms; Customer experience; Interactive web embeds,NOT CONFIRMED | NOT CONFIRMED | Website/contact form | https://www.pfaffauto.com/,NOT CONFIRMED,NOT CONFIRMED,NOT CONFIRMED,Offer interactive showroom twins that help customers explore the space and product environment before visiting.,84,70,New,"Initial SplatCap3D lead database. Qualification is based on spatial/digital-twin fit, not drone survey fit. Verify contacts before outreach.",2026-07-21
sc3d-roche-bobois-toronto,Roche Bobois Toronto,Retail/Showroom,Toronto,Ontario,Ontario,Showroom tours; Product environment capture; Customer experience marketing; Web embeds,Retailers; Showrooms; Brand teams,https://www.roche-bobois.com/en-CA/showrooms/toronto,"Retail/Showroom account target where photorealistic 3D spaces could support showroom tours, product environment capture, customer experience marketing.","SC3D fit is based on a visible, valuable or complex space that can benefit from hosted Gaussian-splat digital twins, remote walkthroughs, web embeds, annotations, measurement and repeat capture. Public category signals include showrooms, customer experience, interactive web embeds.",Showrooms; Customer experience; Interactive web embeds,NOT CONFIRMED | NOT CONFIRMED | Website/contact form | https://www.roche-bobois.com/en-CA/showrooms/toronto,NOT CONFIRMED,NOT CONFIRMED,NOT CONFIRMED,Offer interactive showroom twins that help customers explore the space and product environment before visiting.,84,70,New,"Initial SplatCap3D lead database. Qualification is based on spatial/digital-twin fit, not drone survey fit. Verify contacts before outreach.",2026-07-21
sc3d-the-art-shoppe,The Art Shoppe,Retail/Showroom,Toronto,Ontario,Ontario,Showroom tours; Product environment capture; Customer experience marketing; Web embeds,Retailers; Showrooms; Brand teams,https://www.theartshoppe.com/,"Retail/Showroom account target where photorealistic 3D spaces could support showroom tours, product environment capture, customer experience marketing.","SC3D fit is based on a visible, valuable or complex space that can benefit from hosted Gaussian-splat digital twins, remote walkthroughs, web embeds, annotations, measurement and repeat capture. Public category signals include showrooms, customer experience, interactive web embeds.",Showrooms; Customer experience; Interactive web embeds,NOT CONFIRMED | NOT CONFIRMED | Website/contact form | https://www.theartshoppe.com/,NOT CONFIRMED,NOT CONFIRMED,NOT CONFIRMED,Offer interactive showroom twins that help customers explore the space and product environment before visiting.,84,70,New,"Initial SplatCap3D lead database. Qualification is based on spatial/digital-twin fit, not drone survey fit. Verify contacts before outreach.",2026-07-21
sc3d-bruce-power,Bruce Power,Industrial/Training,Tiverton,Ontario,Ontario,Facility walkthroughs; Training environments; Safety orientation; Operations documentation,Facility owners; Operations teams; Training managers,https://www.brucepower.com/,"Industrial/Training account target where photorealistic 3D spaces could support facility walkthroughs, training environments, safety orientation.","SC3D fit is based on a visible, valuable or complex space that can benefit from hosted Gaussian-splat digital twins, remote walkthroughs, web embeds, annotations, measurement and repeat capture. Public category signals include training, operations documentation, restricted or complex spaces.",Training; Operations documentation; Restricted or complex spaces,NOT CONFIRMED | NOT CONFIRMED | Website/contact form | https://www.brucepower.com/,NOT CONFIRMED,NOT CONFIRMED,NOT CONFIRMED,"Offer digital twins for training, orientation and operational context where repeat site visits are costly or disruptive.",86,70,New,"Initial SplatCap3D lead database. Qualification is based on spatial/digital-twin fit, not drone survey fit. Verify contacts before outreach.",2026-07-21
sc3d-ontario-power-generation,Ontario Power Generation,Industrial/Training,Toronto,Ontario,Ontario,Facility walkthroughs; Training environments; Safety orientation; Operations documentation,Facility owners; Operations teams; Training managers,https://www.opg.com/,"Industrial/Training account target where photorealistic 3D spaces could support facility walkthroughs, training environments, safety orientation.","SC3D fit is based on a visible, valuable or complex space that can benefit from hosted Gaussian-splat digital twins, remote walkthroughs, web embeds, annotations, measurement and repeat capture. Public category signals include training, operations documentation, restricted or complex spaces.",Training; Operations documentation; Restricted or complex spaces,NOT CONFIRMED | NOT CONFIRMED | Website/contact form | https://www.opg.com/,NOT CONFIRMED,NOT CONFIRMED,NOT CONFIRMED,"Offer digital twins for training, orientation and operational context where repeat site visits are costly or disruptive.",86,70,New,"Initial SplatCap3D lead database. Qualification is based on spatial/digital-twin fit, not drone survey fit. Verify contacts before outreach.",2026-07-21
sc3d-stelco,Stelco,Industrial/Training,Hamilton,Ontario,Ontario,Facility walkthroughs; Training environments; Safety orientation; Operations documentation,Facility owners; Operations teams; Training managers,https://www.stelco.com/,"Industrial/Training account target where photorealistic 3D spaces could support facility walkthroughs, training environments, safety orientation.","SC3D fit is based on a visible, valuable or complex space that can benefit from hosted Gaussian-splat digital twins, remote walkthroughs, web embeds, annotations, measurement and repeat capture. Public category signals include training, operations documentation, restricted or complex spaces.",Training; Operations documentation; Restricted or complex spaces,NOT CONFIRMED | NOT CONFIRMED | Website/contact form | https://www.stelco.com/,NOT CONFIRMED,NOT CONFIRMED,NOT CONFIRMED,"Offer digital twins for training, orientation and operational context where repeat site visits are costly or disruptive.",86,70,New,"Initial SplatCap3D lead database. Qualification is based on spatial/digital-twin fit, not drone survey fit. Verify contacts before outreach.",2026-07-21
sc3d-arcelormittal-dofasco,ArcelorMittal Dofasco,Industrial/Training,Hamilton,Ontario,Ontario,Facility walkthroughs; Training environments; Safety orientation; Operations documentation,Facility owners; Operations teams; Training managers,https://dofasco.arcelormittal.com/,"Industrial/Training account target where photorealistic 3D spaces could support facility walkthroughs, training environments, safety orientation.","SC3D fit is based on a visible, valuable or complex space that can benefit from hosted Gaussian-splat digital twins, remote walkthroughs, web embeds, annotations, measurement and repeat capture. Public category signals include training, operations documentation, restricted or complex spaces.",Training; Operations documentation; Restricted or complex spaces,NOT CONFIRMED | NOT CONFIRMED | Website/contact form | https://dofasco.arcelormittal.com/,NOT CONFIRMED,NOT CONFIRMED,NOT CONFIRMED,"Offer digital twins for training, orientation and operational context where repeat site visits are costly or disruptive.",86,70,New,"Initial SplatCap3D lead database. Qualification is based on spatial/digital-twin fit, not drone survey fit. Verify contacts before outreach.",2026-07-21
sc3d-toyota-motor-manufacturing-canada,Toyota Motor Manufacturing Canada,Industrial/Training,Cambridge,Ontario,Ontario,Facility walkthroughs; Training environments; Safety orientation; Operations documentation,Facility owners; Operations teams; Training managers,https://tmmc.ca/,"Industrial/Training account target where photorealistic 3D spaces could support facility walkthroughs, training environments, safety orientation.","SC3D fit is based on a visible, valuable or complex space that can benefit from hosted Gaussian-splat digital twins, remote walkthroughs, web embeds, annotations, measurement and repeat capture. Public category signals include training, operations documentation, restricted or complex spaces.",Training; Operations documentation; Restricted or complex spaces,NOT CONFIRMED | NOT CONFIRMED | Website/contact form | https://tmmc.ca/,NOT CONFIRMED,NOT CONFIRMED,NOT CONFIRMED,"Offer digital twins for training, orientation and operational context where repeat site visits are costly or disruptive.",86,70,New,"Initial SplatCap3D lead database. Qualification is based on spatial/digital-twin fit, not drone survey fit. Verify contacts before outreach.",2026-07-21
sc3d-honda-of-canada-mfg,Honda of Canada Mfg.,Industrial/Training,Alliston,Ontario,Ontario,Facility walkthroughs; Training environments; Safety orientation; Operations documentation,Facility owners; Operations teams; Training managers,https://www.hondacanadamfg.ca/,"Industrial/Training account target where photorealistic 3D spaces could support facility walkthroughs, training environments, safety orientation.","SC3D fit is based on a visible, valuable or complex space that can benefit from hosted Gaussian-splat digital twins, remote walkthroughs, web embeds, annotations, measurement and repeat capture. Public category signals include training, operations documentation, restricted or complex spaces.",Training; Operations documentation; Restricted or complex spaces,NOT CONFIRMED | NOT CONFIRMED | Website/contact form | https://www.hondacanadamfg.ca/,NOT CONFIRMED,NOT CONFIRMED,NOT CONFIRMED,"Offer digital twins for training, orientation and operational context where repeat site visits are costly or disruptive.",86,70,New,"Initial SplatCap3D lead database. Qualification is based on spatial/digital-twin fit, not drone survey fit. Verify contacts before outreach.",2026-07-21
sc3d-magna-international,Magna International,Industrial/Training,Aurora,Ontario,Ontario,Facility walkthroughs; Training environments; Safety orientation; Operations documentation,Facility owners; Operations teams; Training managers,https://www.magna.com/,"Industrial/Training account target where photorealistic 3D spaces could support facility walkthroughs, training environments, safety orientation.","SC3D fit is based on a visible, valuable or complex space that can benefit from hosted Gaussian-splat digital twins, remote walkthroughs, web embeds, annotations, measurement and repeat capture. Public category signals include training, operations documentation, restricted or complex spaces.",Training; Operations documentation; Restricted or complex spaces,NOT CONFIRMED | NOT CONFIRMED | Website/contact form | https://www.magna.com/,NOT CONFIRMED,NOT CONFIRMED,NOT CONFIRMED,"Offer digital twins for training, orientation and operational context where repeat site visits are costly or disruptive.",86,70,New,"Initial SplatCap3D lead database. Qualification is based on spatial/digital-twin fit, not drone survey fit. Verify contacts before outreach.",2026-07-21
sc3d-linamar,Linamar,Industrial/Training,Guelph,Ontario,Ontario,Facility walkthroughs; Training environments; Safety orientation; Operations documentation,Facility owners; Operations teams; Training managers,https://www.linamar.com/,"Industrial/Training account target where photorealistic 3D spaces could support facility walkthroughs, training environments, safety orientation.","SC3D fit is based on a visible, valuable or complex space that can benefit from hosted Gaussian-splat digital twins, remote walkthroughs, web embeds, annotations, measurement and repeat capture. Public category signals include training, operations documentation, restricted or complex spaces.",Training; Operations documentation; Restricted or complex spaces,NOT CONFIRMED | NOT CONFIRMED | Website/contact form | https://www.linamar.com/,NOT CONFIRMED,NOT CONFIRMED,NOT CONFIRMED,"Offer digital twins for training, orientation and operational context where repeat site visits are costly or disruptive.",86,70,New,"Initial SplatCap3D lead database. Qualification is based on spatial/digital-twin fit, not drone survey fit. Verify contacts before outreach.",2026-07-21
sc3d-maple-leaf-foods,Maple Leaf Foods,Industrial/Training,Mississauga,Ontario,Ontario,Facility walkthroughs; Training environments; Safety orientation; Operations documentation,Facility owners; Operations teams; Training managers,https://www.mapleleaffoods.com/,"Industrial/Training account target where photorealistic 3D spaces could support facility walkthroughs, training environments, safety orientation.","SC3D fit is based on a visible, valuable or complex space that can benefit from hosted Gaussian-splat digital twins, remote walkthroughs, web embeds, annotations, measurement and repeat capture. Public category signals include training, operations documentation, restricted or complex spaces.",Training; Operations documentation; Restricted or complex spaces,NOT CONFIRMED | NOT CONFIRMED | Website/contact form | https://www.mapleleaffoods.com/,NOT CONFIRMED,NOT CONFIRMED,NOT CONFIRMED,"Offer digital twins for training, orientation and operational context where repeat site visits are costly or disruptive.",86,70,New,"Initial SplatCap3D lead database. Qualification is based on spatial/digital-twin fit, not drone survey fit. Verify contacts before outreach.",2026-07-21
sc3d-sleeman-breweries,Sleeman Breweries,Industrial/Training,Guelph,Ontario,Ontario,Facility walkthroughs; Training environments; Safety orientation; Operations documentation,Facility owners; Operations teams; Training managers,https://sleemanbreweries.ca/,"Industrial/Training account target where photorealistic 3D spaces could support facility walkthroughs, training environments, safety orientation.","SC3D fit is based on a visible, valuable or complex space that can benefit from hosted Gaussian-splat digital twins, remote walkthroughs, web embeds, annotations, measurement and repeat capture. Public category signals include training, operations documentation, restricted or complex spaces.",Training; Operations documentation; Restricted or complex spaces,NOT CONFIRMED | NOT CONFIRMED | Website/contact form | https://sleemanbreweries.ca/,NOT CONFIRMED,NOT CONFIRMED,NOT CONFIRMED,"Offer digital twins for training, orientation and operational context where repeat site visits are costly or disruptive.",86,70,New,"Initial SplatCap3D lead database. Qualification is based on spatial/digital-twin fit, not drone survey fit. Verify contacts before outreach.",2026-07-21
